track_name,artist_name,genre,popularity,danceability,energy,duration_ms
Shape of You,Ed Sheeran,Pop,92,0.825,0.652,233712
Blinding Lights,The Weeknd,Synthpop,95,0.514,0.73,200040
Stay,The Kid LAROI & Justin Bieber,Pop,89,0.591,0.764,141806
Starboy,The Weeknd,R&B,91,0.679,0.588,230453
As It Was,Harry Styles,Pop,93,0.52,0.731,167303
Levitating,Dua Lipa,Dance-Pop,88,0.702,0.825,203064
Sunflower,Post Malone & Swae Lee,Hip-Hop,90,0.755,0.522,158040
Bad Guy,Billie Eilish,Alt-Pop,87,0.701,0.425,194088
Believer,Imagine Dragons,Rock,89,0.77,0.78,204347
Perfect,Ed Sheeran,Pop,91,0.599,0.448,263400
